Country,Year,Happiness,GDP,SocialSupport,HealthyLifeExpectancy,Freedom,Corruption,Generosity,Population,iso_a3
Finland,2010,7.633,10.753,0.813,66.5,0.845,0.624,0.218,5500000,FIN
Finland,2011,7.512,10.798,0.757,66.4,0.752,0.169,0.01,5500000,FIN
Finland,2012,7.659,10.817,0.801,73.8,0.874,0.155,0.192,5500000,FIN
Finland,2013,7.682,10.802,0.786,81.1,0.685,0.215,-0.021,5500000,FIN
Finland,2014,7.73,10.835,0.936,76.6,0.764,0.831,0.064,5500000,FIN
Finland,2015,7.67,10.864,0.892,79.2,0.781,0.643,-0.036,5500000,FIN
Finland,2016,7.604,10.816,0.768,66.7,0.59,0.345,0.141,5500000,FIN
Finland,2017,7.648,10.83,0.798,67.3,0.925,0.604,0.133,5500000,FIN
Finland,2018,7.613,10.872,0.788,69.6,0.946,0.598,0.117,5500000,FIN
Finland,2019,7.748,10.89,0.928,66.6,0.563,0.371,0.03,5500000,FIN
Finland,2020,7.646,10.906,0.952,68.3,0.812,0.427,0.224,5500000,FIN
Finland,2021,7.717,10.844,0.807,73.2,0.655,0.559,0.219,5500000,FIN
Finland,2022,7.714,10.846,0.979,72.2,0.586,0.183,-0.017,5500000,FIN
Finland,2023,7.781,10.909,0.847,63.3,0.703,0.847,0.109,5500000,FIN
Denmark,2010,7.613,10.736,0.753,76.4,0.823,0.526,0.03,5800000,DNK
Denmark,2011,7.545,10.667,0.85,71.1,0.932,0.763,0.029,5800000,DNK
Denmark,2012,7.523,10.68,0.96,79.4,0.669,0.597,0.133,5800000,DNK
Denmark,2013,7.451,10.745,0.874,77.6,0.762,0.15,0.047,5800000,DNK
Denmark,2014,7.431,10.768,0.952,78.6,0.673,0.191,0.213,5800000,DNK
Denmark,2015,7.665,10.689,0.862,63.4,0.854,0.686,-0.011,5800000,DNK
Denmark,2016,7.563,10.742,0.811,79.4,0.719,0.298,0.112,5800000,DNK
Denmark,2017,7.636,10.713,0.822,81.9,0.81,0.457,0.105,5800000,DNK
Denmark,2018,7.501,10.722,0.828,73.8,0.642,0.304,-0.029,5800000,DNK
Denmark,2019,7.635,10.728,0.958,79.2,0.578,0.317,0.151,5800000,DNK
Denmark,2020,7.547,10.725,0.965,73.4,0.739,0.699,0.192,5800000,DNK
Denmark,2021,7.553,10.727,0.849,70.5,0.737,0.66,0.152,5800000,DNK
Denmark,2022,7.755,10.734,0.843,68.8,0.895,0.324,0.007,5800000,DNK
Denmark,2023,7.638,10.772,0.814,67.0,0.919,0.46,0.208,5800000,DNK
Iceland,2010,7.412,10.555,0.98,78.7,0.938,0.798,0.205,360000,ISL
Iceland,2011,7.331,10.605,0.799,70.0,0.573,0.415,0.246,360000,ISL
Iceland,2012,7.367,10.641,0.855,70.5,0.933,0.847,0.117,360000,ISL
Iceland,2013,7.487,10.584,0.818,81.4,0.782,0.53,0.174,360000,ISL
Iceland,2014,7.34,10.633,0.866,79.1,0.613,0.823,-0.026,360000,ISL
Iceland,2015,7.382,10.64,0.905,66.7,0.598,0.773,0.024,360000,ISL
Iceland,2016,7.492,10.649,0.846,73.7,0.759,0.804,0.011,360000,ISL
Iceland,2017,7.533,10.617,0.841,75.4,0.67,0.371,0.176,360000,ISL
Iceland,2018,7.39,10.645,0.98,81.9,0.579,0.299,0.03,360000,ISL
Iceland,2019,7.608,10.693,0.952,69.4,0.613,0.734,0.161,360000,ISL
Iceland,2020,7.542,10.71,0.9,62.2,0.877,0.36,0.149,360000,ISL
Iceland,2021,7.632,10.631,0.777,64.1,0.771,0.341,0.131,360000,ISL
Iceland,2022,7.591,10.644,0.896,67.3,0.745,0.784,0.204,360000,ISL
Iceland,2023,7.452,10.672,0.814,62.1,0.858,0.596,0.029,360000,ISL
Sweden,2010,7.358,10.905,0.848,62.2,0.58,0.768,0.221,10300000,SWE
Sweden,2011,7.322,10.94,0.884,65.0,0.601,0.366,0.22,10300000,SWE
Sweden,2012,7.394,10.948,0.957,66.2,0.65,0.222,0.184,10300000,SWE
Sweden,2013,7.427,10.909,0.893,65.1,0.922,0.755,0.243,10300000,SWE
Sweden,2014,7.421,10.963,0.756,76.7,0.683,0.802,0.191,10300000,SWE
Sweden,2015,7.445,10.962,0.811,77.7,0.593,0.761,0.208,10300000,SWE
Sweden,2016,7.303,10.969,0.856,68.1,0.868,0.309,-0.043,10300000,SWE
Sweden,2017,7.307,10.926,0.949,81.3,0.662,0.599,0.07,10300000,SWE
Sweden,2018,7.508,10.953,0.966,64.3,0.938,0.275,0.239,10300000,SWE
Sweden,2019,7.348,10.916,0.85,76.6,0.675,0.574,0.103,10300000,SWE
Sweden,2020,7.388,10.969,0.809,76.2,0.551,0.798,0.112,10300000,SWE
Sweden,2021,7.48,10.992,0.904,69.3,0.578,0.615,0.049,10300000,SWE
Sweden,2022,7.394,11.009,0.916,68.0,0.674,0.436,0.071,10300000,SWE
Sweden,2023,7.401,10.943,0.847,80.8,0.821,0.782,0.135,10300000,SWE
Norway,2010,7.352,11.005,0.75,67.7,0.722,0.556,0.146,5400000,NOR
Norway,2011,7.403,11.0,0.799,71.5,0.91,0.707,0.001,5400000,NOR
Norway,2012,7.323,11.014,0.896,68.7,0.877,0.676,0.152,5400000,NOR
Norway,2013,7.369,10.988,0.756,66.9,0.74,0.745,-0.028,5400000,NOR
Norway,2014,7.426,11.038,0.795,75.9,0.748,0.321,0.147,5400000,NOR
Norway,2015,7.339,11.056,0.927,64.1,0.72,0.273,0.237,5400000,NOR
Norway,2016,7.474,10.992,0.807,79.0,0.733,0.711,0.15,5400000,NOR
Norway,2017,7.598,11.053,0.969,79.8,0.795,0.653,0.101,5400000,NOR
Norway,2018,7.572,11.054,0.956,76.9,0.74,0.331,0.024,5400000,NOR
Norway,2019,7.537,11.082,0.87,74.5,0.66,0.204,0.036,5400000,NOR
Norway,2020,7.461,11.044,0.874,64.8,0.643,0.636,0.162,5400000,NOR
Norway,2021,7.422,11.058,0.875,70.3,0.633,0.444,0.221,5400000,NOR
Norway,2022,7.559,11.093,0.947,77.3,0.702,0.154,0.056,5400000,NOR
Norway,2023,7.611,11.115,0.969,70.4,0.849,0.532,0.131,5400000,NOR
Netherlands,2010,7.233,10.872,0.85,62.6,0.684,0.625,0.071,17200000,NLD
Netherlands,2011,7.231,10.903,0.779,74.4,0.561,0.426,0.119,17200000,NLD
Netherlands,2012,7.21,10.927,0.781,71.2,0.57,0.415,0.013,17200000,NLD
Netherlands,2013,7.293,10.945,0.837,77.0,0.883,0.327,-0.025,17200000,NLD
Netherlands,2014,7.231,10.929,0.98,69.0,0.81,0.697,0.146,17200000,NLD
Netherlands,2015,7.419,10.976,0.796,62.4,0.611,0.238,0.151,17200000,NLD
Netherlands,2016,7.385,10.909,0.911,77.3,0.617,0.575,0.174,17200000,NLD
Netherlands,2017,7.288,10.975,0.972,64.2,0.56,0.368,0.153,17200000,NLD
Netherlands,2018,7.502,10.939,0.914,63.5,0.826,0.589,-0.019,17200000,NLD
Netherlands,2019,7.469,10.99,0.888,64.4,0.944,0.698,0.054,17200000,NLD
Netherlands,2020,7.398,10.949,0.866,68.8,0.89,0.726,-0.018,17200000,NLD
Netherlands,2021,7.538,10.981,0.941,76.1,0.724,0.664,0.24,17200000,NLD
Netherlands,2022,7.383,11.005,0.874,71.7,0.724,0.662,0.031,17200000,NLD
Netherlands,2023,7.534,11.013,0.77,79.6,0.648,0.475,0.133,17200000,NLD
Switzerland,2010,7.471,10.953,0.946,65.6,0.635,0.708,0.052,8700000,CHE
Switzerland,2011,7.603,11.026,0.814,62.2,0.929,0.21,0.166,8700000,CHE
Switzerland,2012,7.52,11.038,0.909,74.9,0.746,0.705,-0.022,8700000,CHE
Switzerland,2013,7.468,11.038,0.82,73.6,0.739,0.522,0.078,8700000,CHE
Switzerland,2014,7.605,11.008,0.912,67.4,0.651,0.234,0.008,8700000,CHE
Switzerland,2015,7.466,11.034,0.925,65.7,0.637,0.489,0.167,8700000,CHE
Switzerland,2016,7.684,11.039,0.815,64.0,0.628,0.309,0.004,8700000,CHE
Switzerland,2017,7.464,11.046,0.813,81.5,0.771,0.638,-0.012,8700000,CHE
Switzerland,2018,7.681,11.048,0.951,73.5,0.738,0.458,0.005,8700000,CHE
Switzerland,2019,7.496,11.099,0.86,78.4,0.71,0.202,0.139,8700000,CHE
Switzerland,2020,7.508,11.026,0.879,68.1,0.948,0.233,0.179,8700000,CHE
Switzerland,2021,7.652,11.097,0.802,72.5,0.73,0.46,0.208,8700000,CHE
Switzerland,2022,7.756,11.054,0.893,74.2,0.846,0.813,0.012,8700000,CHE
Switzerland,2023,7.581,11.096,0.786,65.5,0.58,0.152,0.085,8700000,CHE
Luxembourg,2010,7.223,11.179,0.803,76.1,0.831,0.468,0.156,630000,LUX
Luxembourg,2011,7.313,11.235,0.894,75.2,0.923,0.448,0.113,630000,LUX
Luxembourg,2012,7.259,11.253,0.94,63.4,0.616,0.365,0.175,630000,LUX
Luxembourg,2013,7.251,11.197,0.779,75.8,0.83,0.81,0.1,630000,LUX
Luxembourg,2014,7.245,11.183,0.759,70.6,0.679,0.325,-0.023,630000,LUX
Luxembourg,2015,7.369,11.264,0.882,81.0,0.95,0.621,0.031,630000,LUX
Luxembourg,2016,7.159,11.263,0.858,75.0,0.916,0.277,0.126,630000,LUX
Luxembourg,2017,7.313,11.242,0.771,69.0,0.683,0.619,0.207,630000,LUX
Luxembourg,2018,7.251,11.269,0.816,80.9,0.875,0.535,0.086,630000,LUX
Luxembourg,2019,7.259,11.238,0.973,70.1,0.756,0.842,0.147,630000,LUX
Luxembourg,2020,7.326,11.253,0.793,69.2,0.853,0.588,0.178,630000,LUX
Luxembourg,2021,7.256,11.273,0.963,70.8,0.829,0.235,0.242,630000,LUX
Luxembourg,2022,7.365,11.248,0.786,73.0,0.771,0.215,0.248,630000,LUX
Luxembourg,2023,7.449,11.276,0.777,78.6,0.749,0.652,0.103,630000,LUX
New Zealand,2010,7.146,10.533,0.975,66.9,0.771,0.419,0.227,5100000,NZL
New Zealand,2011,7.214,10.544,0.949,67.5,0.866,0.44,0.23,5100000,NZL
New Zealand,2012,7.225,10.544,0.815,68.0,0.785,0.849,0.097,5100000,NZL
New Zealand,2013,7.15,10.522,0.829,73.0,0.767,0.469,0.047,5100000,NZL
New Zealand,2014,7.171,10.544,0.882,66.7,0.86,0.181,0.173,5100000,NZL
New Zealand,2015,7.307,10.562,0.839,75.3,0.878,0.837,0.099,5100000,NZL
New Zealand,2016,7.158,10.537,0.886,79.4,0.9,0.458,0.108,5100000,NZL
New Zealand,2017,7.27,10.565,0.844,75.1,0.612,0.479,0.241,5100000,NZL
New Zealand,2018,7.254,10.569,0.899,79.0,0.891,0.752,0.064,5100000,NZL
New Zealand,2019,7.26,10.577,0.925,79.4,0.564,0.198,0.139,5100000,NZL
New Zealand,2020,7.416,10.611,0.922,70.7,0.589,0.594,0.212,5100000,NZL
New Zealand,2021,7.313,10.587,0.958,62.9,0.868,0.355,0.062,5100000,NZL
New Zealand,2022,7.253,10.577,0.88,77.9,0.618,0.205,0.211,5100000,NZL
New Zealand,2023,7.379,10.554,0.96,64.9,0.734,0.328,0.027,5100000,NZL
Austria,2010,7.082,10.83,0.957,75.6,0.613,0.459,0.054,8900000,AUT
Austria,2011,7.233,10.82,0.848,67.0,0.888,0.289,0.065,8900000,AUT
Austria,2012,7.219,10.786,0.882,73.5,0.947,0.357,0.243,8900000,AUT
Austria,2013,7.273,10.796,0.88,75.7,0.848,0.184,0.132,8900000,AUT
Austria,2014,7.245,10.865,0.816,78.0,0.793,0.397,0.141,8900000,AUT
Austria,2015,7.287,10.849,0.916,75.2,0.885,0.59,0.221,8900000,AUT
Austria,2016,7.304,10.818,0.851,73.6,0.843,0.213,0.039,8900000,AUT
Austria,2017,7.34,10.811,0.78,72.8,0.939,0.522,0.224,8900000,AUT
Austria,2018,7.372,10.825,0.94,71.6,0.873,0.673,0.052,8900000,AUT
Austria,2019,7.211,10.902,0.782,81.3,0.894,0.657,0.244,8900000,AUT
Austria,2020,7.428,10.892,0.834,77.8,0.556,0.526,0.086,8900000,AUT
Austria,2021,7.368,10.885,0.884,78.4,0.926,0.226,0.02,8900000,AUT
Austria,2022,7.224,10.912,0.879,80.3,0.639,0.194,0.197,8900000,AUT
Austria,2023,7.448,10.86,0.844,64.8,0.929,0.363,0.098,8900000,AUT
Australia,2010,7.003,10.739,0.781,71.1,0.818,0.67,0.234,25700000,AUS
Australia,2011,7.092,10.73,0.786,70.3,0.59,0.493,0.072,25700000,AUS
Australia,2012,7.231,10.666,0.835,70.9,0.93,0.749,-0.02,25700000,AUS
Australia,2013,7.179,10.723,0.975,69.2,0.709,0.283,-0.013,25700000,AUS
Australia,2014,7.23,10.72,0.902,74.8,0.789,0.165,0.186,25700000,AUS
Australia,2015,7.096,10.693,0.88,63.4,0.856,0.295,0.015,25700000,AUS
Australia,2016,7.258,10.72,0.784,80.0,0.551,0.751,-0.007,25700000,AUS
Australia,2017,7.092,10.718,0.79,75.2,0.56,0.16,0.187,25700000,AUS
Australia,2018,7.129,10.732,0.79,63.0,0.847,0.518,0.174,25700000,AUS
Australia,2019,7.198,10.783,0.868,64.2,0.752,0.812,-0.037,25700000,AUS
Australia,2020,7.283,10.798,0.87,71.2,0.936,0.193,0.094,25700000,AUS
Australia,2021,7.203,10.786,0.863,80.2,0.579,0.207,0.132,25700000,AUS
Australia,2022,7.134,10.751,0.896,73.0,0.68,0.846,0.109,25700000,AUS
Australia,2023,7.239,10.791,0.773,76.0,0.891,0.606,0.181,25700000,AUS
Israel,2010,7.153,10.472,0.854,66.6,0.686,0.467,0.075,9200000,ISR
Israel,2011,7.014,10.499,0.903,69.5,0.611,0.796,-0.03,9200000,ISR
Israel,2012,7.203,10.472,0.772,76.8,0.875,0.539,0.126,9200000,ISR
Israel,2013,7.149,10.501,0.778,69.1,0.816,0.675,0.21,9200000,ISR
Israel,2014,7.199,10.571,0.888,69.0,0.781,0.299,0.147,9200000,ISR
Israel,2015,7.092,10.492,0.944,69.4,0.855,0.552,0.192,9200000,ISR
Israel,2016,7.252,10.584,0.938,74.3,0.807,0.168,0.229,9200000,ISR
Israel,2017,7.26,10.52,0.791,76.1,0.674,0.388,-0.048,9200000,ISR
Israel,2018,7.281,10.556,0.842,64.8,0.803,0.171,0.174,9200000,ISR
Israel,2019,7.135,10.547,0.828,69.4,0.839,0.694,0.12,9200000,ISR
Israel,2020,7.116,10.517,0.786,74.4,0.82,0.34,0.149,9200000,ISR
Israel,2021,7.223,10.562,0.813,77.1,0.596,0.451,0.035,9200000,ISR
Israel,2022,7.281,10.573,0.903,62.9,0.708,0.57,-0.048,9200000,ISR
Israel,2023,7.202,10.551,0.782,67.1,0.681,0.155,0.174,9200000,ISR
Canada,2010,6.922,10.688,0.912,72.0,0.883,0.714,-0.028,38000000,CAN
Canada,2011,7.098,10.66,0.754,80.4,0.895,0.553,0.122,38000000,CAN
Canada,2012,7.073,10.704,0.776,62.4,0.68,0.711,0.135,38000000,CAN
Canada,2013,7.114,10.76,0.77,78.9,0.647,0.562,0.107,38000000,CAN
Canada,2014,7.021,10.706,0.828,68.7,0.617,0.507,-0.016,38000000,CAN
Canada,2015,7.06,10.771,0.83,76.5,0.878,0.721,0.021,38000000,CAN
Canada,2016,6.984,10.707,0.889,77.2,0.812,0.274,0.182,38000000,CAN
Canada,2017,7.079,10.769,0.925,71.0,0.92,0.545,0.141,38000000,CAN
Canada,2018,7.122,10.786,0.894,65.0,0.577,0.46,0.041,38000000,CAN
Canada,2019,7.05,10.711,0.867,68.2,0.731,0.19,0.2,38000000,CAN
Canada,2020,7.014,10.798,0.947,74.3,0.753,0.474,0.116,38000000,CAN
Canada,2021,7.197,10.807,0.853,78.2,0.811,0.375,0.093,38000000,CAN
Canada,2022,7.055,10.73,0.774,80.0,0.687,0.65,0.101,38000000,CAN
Canada,2023,7.071,10.755,0.851,70.8,0.759,0.261,0.062,38000000,CAN
Ireland,2010,6.948,10.991,0.828,74.0,0.866,0.603,-0.03,5000000,IRL
Ireland,2011,6.914,11.024,0.815,76.5,0.813,0.784,0.212,5000000,IRL
Ireland,2012,6.983,11.021,0.783,69.0,0.937,0.639,0.068,5000000,IRL
Ireland,2013,7.057,11.062,0.821,69.5,0.867,0.719,0.151,5000000,IRL
Ireland,2014,7.125,11.048,0.908,72.5,0.808,0.446,0.059,5000000,IRL
Ireland,2015,7.025,10.999,0.799,81.0,0.745,0.309,-0.009,5000000,IRL
Ireland,2016,6.968,11.071,0.773,77.4,0.884,0.769,-0.039,5000000,IRL
Ireland,2017,7.042,11.07,0.78,69.5,0.615,0.732,0.181,5000000,IRL
Ireland,2018,7.166,11.016,0.851,70.2,0.821,0.316,0.083,5000000,IRL
Ireland,2019,7.052,11.08,0.853,72.7,0.674,0.716,0.091,5000000,IRL
Ireland,2020,7.196,11.048,0.968,81.7,0.735,0.347,0.065,5000000,IRL
Ireland,2021,7.134,11.114,0.938,78.0,0.605,0.325,0.142,5000000,IRL
Ireland,2022,7.228,11.079,0.774,78.9,0.89,0.35,0.179,5000000,IRL
Ireland,2023,7.095,11.121,0.784,70.7,0.929,0.305,0.085,5000000,IRL
Germany,2010,6.964,10.753,0.762,72.0,0.644,0.846,0.062,83000000,DEU
Germany,2011,6.898,10.849,0.943,75.0,0.867,0.246,0.036,83000000,DEU
Germany,2012,7.102,10.832,0.782,76.1,0.729,0.154,-0.026,83000000,DEU
Germany,2013,6.976,10.852,0.876,76.5,0.761,0.228,0.036,83000000,DEU
Germany,2014,6.998,10.779,0.847,77.9,0.733,0.228,0.222,83000000,DEU
Germany,2015,7.081,10.782,0.869,66.8,0.607,0.45,0.134,83000000,DEU
Germany,2016,7.007,10.829,0.903,63.7,0.94,0.197,0.108,83000000,DEU
Germany,2017,7.083,10.892,0.877,69.8,0.738,0.595,0.244,83000000,DEU
Germany,2018,7.033,10.801,0.931,68.9,0.843,0.59,0.181,83000000,DEU
Germany,2019,7.16,10.839,0.76,72.9,0.875,0.273,0.184,83000000,DEU
Germany,2020,7.107,10.881,0.895,78.2,0.575,0.693,0.087,83000000,DEU
Germany,2021,7.077,10.822,0.796,62.8,0.923,0.511,0.247,83000000,DEU
Germany,2022,7.149,10.849,0.923,65.8,0.693,0.697,0.21,83000000,DEU
Germany,2023,7.11,10.842,0.835,79.8,0.847,0.776,0.066,83000000,DEU
United States,2010,7.014,10.9,0.864,80.5,0.758,0.711,0.168,331000000,USA
United States,2011,6.81,10.916,0.939,72.9,0.678,0.206,0.148,331000000,USA
United States,2012,6.877,10.923,0.848,75.8,0.691,0.18,0.211,331000000,USA
United States,2013,6.899,10.968,0.813,81.6,0.929,0.203,0.141,331000000,USA
United States,2014,6.913,10.955,0.906,81.1,0.607,0.575,0.184,331000000,USA
United States,2015,6.846,10.887,0.929,69.3,0.703,0.547,0.132,331000000,USA
United States,2016,7.012,10.982,0.836,77.3,0.78,0.521,0.069,331000000,USA
United States,2017,7.017,10.918,0.776,76.7,0.75,0.421,0.119,331000000,USA
United States,2018,6.935,10.925,0.853,81.9,0.664,0.792,0.097,331000000,USA
United States,2019,6.913,10.991,0.854,80.0,0.728,0.211,0.155,331000000,USA
United States,2020,7.098,10.943,0.83,63.3,0.767,0.774,0.205,331000000,USA
United States,2021,7.078,11.01,0.897,77.9,0.754,0.235,0.01,331000000,USA
United States,2022,6.952,11.003,0.756,73.1,0.698,0.713,0.115,331000000,USA
United States,2023,7.077,10.939,0.821,82.0,0.838,0.518,0.181,331000000,USA
United Kingdom,2010,6.878,10.657,0.974,74.8,0.73,0.626,0.053,67000000,GBR
United Kingdom,2011,6.902,10.734,0.897,65.6,0.937,0.453,0.223,67000000,GBR
United Kingdom,2012,6.716,10.675,0.785,65.3,0.679,0.647,0.054,67000000,GBR
United Kingdom,2013,6.94,10.758,0.945,67.0,0.804,0.536,-0.012,67000000,GBR
United Kingdom,2014,6.799,10.728,0.866,65.4,0.927,0.258,0.148,67000000,GBR
United Kingdom,2015,6.911,10.741,0.944,73.3,0.88,0.17,-0.036,67000000,GBR
United Kingdom,2016,6.903,10.745,0.9,77.3,0.717,0.597,0.099,67000000,GBR
United Kingdom,2017,6.911,10.722,0.97,71.7,0.872,0.629,0.039,67000000,GBR
United Kingdom,2018,6.79,10.705,0.851,71.7,0.632,0.575,0.044,67000000,GBR
United Kingdom,2019,6.956,10.779,0.948,81.5,0.602,0.409,0.118,67000000,GBR
United Kingdom,2020,6.872,10.758,0.812,67.0,0.589,0.353,0.065,67000000,GBR
United Kingdom,2021,6.955,10.743,0.949,65.2,0.681,0.554,0.044,67000000,GBR
United Kingdom,2022,7.002,10.774,0.868,72.0,0.673,0.166,0.234,67000000,GBR
United Kingdom,2023,6.951,10.827,0.799,69.1,0.57,0.496,0.215,67000000,GBR
Czechia,2010,6.937,10.497,0.873,78.9,0.722,0.768,0.168,10500000,CZE
Czechia,2011,6.975,10.493,0.842,73.4,0.628,0.537,-0.028,10500000,CZE
Czechia,2012,6.924,10.539,0.814,81.8,0.822,0.233,0.243,10500000,CZE
Czechia,2013,6.909,10.548,0.828,80.8,0.852,0.289,0.103,10500000,CZE
Czechia,2014,6.946,10.479,0.782,68.7,0.739,0.47,0.132,10500000,CZE
Czechia,2015,6.961,10.514,0.891,65.3,0.946,0.668,0.04,10500000,CZE
Czechia,2016,6.93,10.57,0.872,76.2,0.67,0.721,0.061,10500000,CZE
Czechia,2017,7.022,10.591,0.884,77.9,0.84,0.632,-0.042,10500000,CZE
Czechia,2018,6.986,10.596,0.93,77.5,0.781,0.655,0.125,10500000,CZE
Czechia,2019,6.925,10.568,0.893,78.8,0.609,0.627,-0.041,10500000,CZE
Czechia,2020,7.123,10.523,0.754,68.3,0.611,0.633,0.073,10500000,CZE
Czechia,2021,7.093,10.61,0.951,76.7,0.575,0.247,0.012,10500000,CZE
Czechia,2022,6.996,10.59,0.871,68.3,0.619,0.788,0.053,10500000,CZE
Czechia,2023,7.015,10.607,0.916,74.9,0.827,0.577,0.008,10500000,CZE
Belgium,2010,6.839,10.706,0.802,81.5,0.669,0.352,0.012,11500000,BEL
Belgium,2011,6.961,10.688,0.83,80.7,0.868,0.341,-0.013,11500000,BEL
Belgium,2012,6.965,10.7,0.975,78.4,0.932,0.713,0.037,11500000,BEL
Belgium,2013,6.884,10.74,0.83,70.8,0.653,0.485,0.011,11500000,BEL
Belgium,2014,6.955,10.768,0.91,64.7,0.796,0.561,0.023,11500000,BEL
Belgium,2015,6.998,10.734,0.897,63.0,0.715,0.652,-0.02,11500000,BEL
Belgium,2016,7.034,10.687,0.877,80.6,0.713,0.805,0.214,11500000,BEL
Belgium,2017,6.975,10.713,0.972,68.4,0.808,0.786,-0.023,11500000,BEL
Belgium,2018,7.01,10.753,0.916,80.7,0.915,0.273,0.215,11500000,BEL
Belgium,2019,6.926,10.797,0.979,69.9,0.748,0.806,0.239,11500000,BEL
Belgium,2020,7.118,10.799,0.752,73.4,0.593,0.838,0.035,11500000,BEL
Belgium,2021,7.144,10.772,0.864,80.8,0.89,0.478,0.008,11500000,BEL
Belgium,2022,6.945,10.74,0.856,67.1,0.624,0.666,0.187,11500000,BEL
Belgium,2023,7.066,10.806,0.79,79.1,0.909,0.729,0.105,11500000,BEL
France,2010,6.601,10.617,0.792,64.8,0.679,0.324,0.028,67000000,FRA
France,2011,6.648,10.632,0.969,68.0,0.839,0.158,0.146,67000000,FRA
France,2012,6.769,10.569,0.777,68.1,0.712,0.502,0.219,67000000,FRA
France,2013,6.783,10.6,0.777,80.3,0.668,0.58,0.016,67000000,FRA
France,2014,6.658,10.59,0.922,74.1,0.716,0.534,0.091,67000000,FRA
France,2015,6.767,10.647,0.8,66.9,0.852,0.761,-0.025,67000000,FRA
France,2016,6.756,10.657,0.768,73.3,0.575,0.533,0.102,67000000,FRA
France,2017,6.798,10.608,0.825,72.4,0.596,0.294,0.125,67000000,FRA
France,2018,6.694,10.65,0.936,71.1,0.755,0.47,-0.033,67000000,FRA
France,2019,6.795,10.686,0.916,69.9,0.877,0.672,0.123,67000000,FRA
France,2020,6.706,10.646,0.765,81.9,0.924,0.198,0.23,67000000,FRA
France,2021,6.715,10.659,0.927,77.3,0.941,0.602,0.076,67000000,FRA
France,2022,6.957,10.662,0.95,80.1,0.7,0.628,0.149,67000000,FRA
France,2023,6.859,10.695,0.83,65.6,0.765,0.52,0.168,67000000,FRA
Spain,2010,6.433,10.35,0.755,68.0,0.819,0.531,0.11,47000000,ESP
Spain,2011,6.589,10.381,0.83,67.5,0.925,0.658,-0.016,47000000,ESP
Spain,2012,6.597,10.404,0.926,79.7,0.556,0.294,-0.02,47000000,ESP
Spain,2013,6.423,10.428,0.912,63.0,0.846,0.432,0.02,47000000,ESP
Spain,2014,6.478,10.461,0.763,72.1,0.666,0.721,0.169,47000000,ESP
Spain,2015,6.514,10.441,0.905,68.4,0.671,0.25,0.148,47000000,ESP
Spain,2016,6.502,10.417,0.764,81.0,0.902,0.788,0.138,47000000,ESP
Spain,2017,6.563,10.443,0.974,80.8,0.819,0.7,0.046,47000000,ESP
Spain,2018,6.572,10.414,0.837,77.1,0.739,0.745,0.04,47000000,ESP
Spain,2019,6.654,10.486,0.96,73.2,0.937,0.54,-0.01,47000000,ESP
Spain,2020,6.554,10.432,0.899,80.4,0.889,0.215,0.167,47000000,ESP
Spain,2021,6.553,10.445,0.905,74.1,0.899,0.282,0.179,47000000,ESP
Spain,2022,6.692,10.48,0.86,79.4,0.683,0.82,-0.045,47000000,ESP
Spain,2023,6.755,10.526,0.777,82.0,0.742,0.32,0.131,47000000,ESP
Italy,2010,6.329,10.442,0.877,77.5,0.702,0.524,0.058,59000000,ITA
Italy,2011,6.354,10.407,0.864,64.0,0.943,0.479,0.202,59000000,ITA
Italy,2012,6.523,10.399,0.845,73.3,0.639,0.252,0.028,59000000,ITA
Italy,2013,6.539,10.426,0.846,65.0,0.682,0.416,0.2,59000000,ITA
Italy,2014,6.446,10.44,0.908,67.1,0.879,0.827,0.143,59000000,ITA
Italy,2015,6.455,10.398,0.933,65.4,0.838,0.492,0.225,59000000,ITA
Italy,2016,6.479,10.451,0.764,62.7,0.889,0.812,0.15,59000000,ITA
Italy,2017,6.544,10.434,0.944,66.6,0.833,0.156,0.102,59000000,ITA
Italy,2018,6.462,10.461,0.903,74.3,0.743,0.491,-0.048,59000000,ITA
Italy,2019,6.516,10.407,0.872,67.5,0.941,0.162,0.194,59000000,ITA
Italy,2020,6.557,10.492,0.959,64.1,0.589,0.254,0.008,59000000,ITA
Italy,2021,6.533,10.499,0.811,69.9,0.699,0.434,0.12,59000000,ITA
Italy,2022,6.656,10.446,0.907,79.0,0.811,0.751,0.178,59000000,ITA
Italy,2023,6.452,10.468,0.877,63.1,0.554,0.27,0.1,59000000,ITA
Portugal,2010,6.184,10.328,0.88,79.2,0.588,0.52,-0.037,10300000,PRT
Portugal,2011,6.142,10.343,0.954,71.5,0.569,0.202,0.228,10300000,PRT
Portugal,2012,6.319,10.319,0.758,80.6,0.676,0.823,0.126,10300000,PRT
Portugal,2013,6.295,10.34,0.842,63.5,0.615,0.318,0.2,10300000,PRT
Portugal,2014,6.22,10.364,0.826,77.1,0.606,0.842,0.167,10300000,PRT
Portugal,2015,6.258,10.378,0.762,70.7,0.885,0.388,0.181,10300000,PRT
Portugal,2016,6.378,10.327,0.928,62.6,0.659,0.845,0.097,10300000,PRT
Portugal,2017,6.246,10.387,0.849,75.6,0.814,0.21,0.136,10300000,PRT
Portugal,2018,6.364,10.371,0.769,65.1,0.835,0.594,0.172,10300000,PRT
Portugal,2019,6.26,10.316,0.751,68.2,0.694,0.339,-0.01,10300000,PRT
Portugal,2020,6.24,10.356,0.878,70.2,0.561,0.398,-0.022,10300000,PRT
Portugal,2021,6.35,10.35,0.839,67.8,0.705,0.209,0.22,10300000,PRT
Portugal,2022,6.436,10.422,0.882,65.4,0.702,0.247,0.04,10300000,PRT
Portugal,2023,6.348,10.336,0.85,70.4,0.744,0.204,0.026,10300000,PRT
Poland,2010,6.039,10.213,0.887,65.9,0.593,0.363,0.235,38000000,POL
Poland,2011,6.071,10.218,0.935,68.6,0.684,0.721,0.208,38000000,POL
Poland,2012,6.237,10.176,0.824,80.9,0.63,0.37,0.239,38000000,POL
Poland,2013,6.247,10.198,0.91,71.8,0.78,0.32,0.063,38000000,POL
Poland,2014,6.222,10.214,0.776,73.3,0.787,0.532,0.155,38000000,POL
Poland,2015,6.17,10.276,0.856,76.2,0.725,0.354,0.158,38000000,POL
Poland,2016,6.246,10.266,0.844,72.0,0.803,0.319,0.148,38000000,POL
Poland,2017,6.232,10.272,0.767,81.8,0.742,0.431,0.102,38000000,POL
Poland,2018,6.293,10.268,0.875,77.8,0.694,0.777,0.111,38000000,POL
Poland,2019,6.237,10.214,0.927,75.2,0.692,0.603,-0.037,38000000,POL
Poland,2020,6.331,10.279,0.842,77.1,0.936,0.451,-0.047,38000000,POL
Poland,2021,6.169,10.269,0.869,73.6,0.78,0.462,0.067,38000000,POL
Poland,2022,6.304,10.283,0.865,68.9,0.56,0.223,0.075,38000000,POL
Poland,2023,6.361,10.242,0.966,64.8,0.675,0.469,0.012,38000000,POL
Japan,2010,5.896,10.498,0.851,75.9,0.678,0.36,0.193,125000000,JPN
Japan,2011,5.819,10.541,0.899,75.5,0.616,0.839,0.023,125000000,JPN
Japan,2012,5.845,10.478,0.879,81.2,0.643,0.434,0.005,125000000,JPN
Japan,2013,5.968,10.512,0.757,74.3,0.629,0.565,0.067,125000000,JPN
Japan,2014,5.995,10.495,0.923,78.2,0.575,0.221,0.212,125000000,JPN
Japan,2015,5.883,10.513,0.855,67.2,0.895,0.519,0.142,125000000,JPN
Japan,2016,5.993,10.548,0.885,69.0,0.888,0.582,0.194,125000000,JPN
Japan,2017,6.03,10.523,0.891,63.7,0.604,0.233,0.042,125000000,JPN
Japan,2018,5.916,10.569,0.867,70.4,0.605,0.419,0.006,125000000,JPN
Japan,2019,6.036,10.575,0.898,82.0,0.772,0.493,-0.008,125000000,JPN
Japan,2020,5.971,10.557,0.762,69.2,0.554,0.246,0.195,125000000,JPN
Japan,2021,6.138,10.568,0.864,75.7,0.716,0.738,0.097,125000000,JPN
Japan,2022,5.938,10.527,0.925,67.8,0.66,0.526,0.0,125000000,JPN
Japan,2023,6.04,10.604,0.926,73.0,0.595,0.23,0.183,125000000,JPN
South Korea,2010,5.978,10.487,0.939,62.8,0.838,0.532,0.247,51000000,KOR
South Korea,2011,5.816,10.539,0.923,68.0,0.95,0.465,0.055,51000000,KOR
South Korea,2012,5.999,10.506,0.979,77.5,0.645,0.717,0.126,51000000,KOR
South Korea,2013,5.899,10.54,0.896,65.3,0.606,0.295,0.012,51000000,KOR
South Korea,2014,5.84,10.51,0.815,72.8,0.679,0.643,0.037,51000000,KOR
South Korea,2015,5.902,10.567,0.977,75.6,0.588,0.824,0.186,51000000,KOR
South Korea,2016,6.07,10.586,0.949,64.5,0.896,0.325,0.163,51000000,KOR
South Korea,2017,6.06,10.569,0.906,71.8,0.781,0.338,0.074,51000000,KOR
South Korea,2018,5.981,10.563,0.952,63.9,0.756,0.345,0.231,51000000,KOR
South Korea,2019,5.972,10.6,0.825,62.0,0.86,0.663,0.169,51000000,KOR
South Korea,2020,6.005,10.578,0.832,63.3,0.764,0.302,0.079,51000000,KOR
South Korea,2021,5.958,10.545,0.941,68.8,0.781,0.546,0.096,51000000,KOR
South Korea,2022,6.001,10.592,0.761,64.0,0.864,0.472,-0.013,51000000,KOR
South Korea,2023,6.136,10.574,0.75,81.2,0.631,0.632,-0.01,51000000,KOR
Brazil,2010,6.336,9.766,0.965,67.5,0.812,0.325,0.062,214000000,BRA
Brazil,2011,6.408,9.773,0.841,68.1,0.83,0.314,0.147,214000000,BRA
Brazil,2012,6.372,9.762,0.86,64.7,0.64,0.626,-0.047,214000000,BRA
Brazil,2013,6.382,9.85,0.977,70.4,0.603,0.2,0.065,214000000,BRA
Brazil,2014,6.402,9.785,0.822,79.6,0.605,0.691,0.176,214000000,BRA
Brazil,2015,6.27,9.88,0.783,72.6,0.553,0.605,0.082,214000000,BRA
Brazil,2016,6.423,9.85,0.785,70.2,0.825,0.752,-0.024,214000000,BRA
Brazil,2017,6.285,9.868,0.886,69.7,0.935,0.37,-0.008,214000000,BRA
Brazil,2018,6.339,9.808,0.877,74.0,0.793,0.695,0.157,214000000,BRA
Brazil,2019,6.487,9.871,0.819,72.4,0.754,0.673,0.039,214000000,BRA
Brazil,2020,6.308,9.901,0.97,71.9,0.595,0.5,0.128,214000000,BRA
Brazil,2021,6.434,9.915,0.977,80.7,0.603,0.753,0.121,214000000,BRA
Brazil,2022,6.406,9.892,0.925,81.1,0.858,0.162,-0.03,214000000,BRA
Brazil,2023,6.393,9.834,0.764,77.8,0.753,0.59,0.1,214000000,BRA
Mexico,2010,6.38,9.92,0.769,72.7,0.796,0.344,0.043,128000000,MEX
Mexico,2011,6.414,9.876,0.936,72.7,0.706,0.594,0.2,128000000,MEX
Mexico,2012,6.467,9.869,0.911,76.6,0.889,0.191,-0.024,128000000,MEX
Mexico,2013,6.419,9.914,0.89,68.2,0.847,0.668,-0.014,128000000,MEX
Mexico,2014,6.496,9.945,0.788,81.1,0.759,0.698,0.166,128000000,MEX
Mexico,2015,6.378,9.893,0.93,67.4,0.905,0.69,-0.041,128000000,MEX
Mexico,2016,6.543,9.914,0.765,76.2,0.781,0.204,0.087,128000000,MEX
Mexico,2017,6.447,9.943,0.88,69.4,0.652,0.222,0.122,128000000,MEX
Mexico,2018,6.546,9.922,0.867,62.9,0.895,0.321,0.092,128000000,MEX
Mexico,2019,6.476,9.92,0.964,79.1,0.771,0.79,0.172,128000000,MEX
Mexico,2020,6.496,9.944,0.846,76.4,0.659,0.205,0.062,128000000,MEX
Mexico,2021,6.527,10.008,0.791,78.1,0.943,0.818,-0.029,128000000,MEX
Mexico,2022,6.53,9.952,0.944,68.5,0.771,0.156,0.01,128000000,MEX
Mexico,2023,6.565,9.96,0.893,71.3,0.787,0.495,0.182,128000000,MEX
Argentina,2010,5.827,9.74,0.925,66.9,0.553,0.437,0.02,45000000,ARG
Argentina,2011,5.875,9.74,0.952,81.0,0.551,0.61,0.205,45000000,ARG
Argentina,2012,5.978,9.673,0.872,66.8,0.747,0.192,0.249,45000000,ARG
Argentina,2013,5.985,9.678,0.962,79.9,0.758,0.641,0.062,45000000,ARG
Argentina,2014,6.06,9.683,0.772,64.7,0.878,0.202,0.12,45000000,ARG
Argentina,2015,5.942,9.777,0.804,67.2,0.676,0.711,0.16,45000000,ARG
Argentina,2016,6.026,9.719,0.813,63.5,0.631,0.696,0.125,45000000,ARG
Argentina,2017,5.898,9.71,0.857,70.1,0.764,0.825,0.012,45000000,ARG
Argentina,2018,5.946,9.726,0.778,65.2,0.824,0.728,0.159,45000000,ARG
Argentina,2019,5.894,9.789,0.825,63.8,0.649,0.399,0.104,45000000,ARG
Argentina,2020,6.058,9.738,0.978,62.6,0.712,0.467,0.174,45000000,ARG
Argentina,2021,5.967,9.764,0.935,64.8,0.555,0.731,0.245,45000000,ARG
Argentina,2022,5.95,9.806,0.836,74.6,0.808,0.558,0.028,45000000,ARG
Argentina,2023,6.125,9.732,0.765,80.0,0.727,0.24,0.222,45000000,ARG
Chile,2010,6.279,9.983,0.76,71.2,0.617,0.552,0.197,19000000,CHL
Chile,2011,6.186,9.959,0.907,65.5,0.636,0.281,0.034,19000000,CHL
Chile,2012,6.315,9.966,0.892,66.9,0.668,0.438,0.115,19000000,CHL
Chile,2013,6.129,9.996,0.782,66.0,0.904,0.518,0.139,19000000,CHL
Chile,2014,6.319,10.054,0.978,77.6,0.694,0.531,0.095,19000000,CHL
Chile,2015,6.357,10.031,0.839,65.6,0.678,0.303,0.219,19000000,CHL
Chile,2016,6.336,9.993,0.978,72.6,0.857,0.85,0.242,19000000,CHL
Chile,2017,6.185,10.059,0.811,78.3,0.917,0.189,0.249,19000000,CHL
Chile,2018,6.225,10.084,0.933,69.1,0.886,0.742,0.003,19000000,CHL
Chile,2019,6.326,10.086,0.91,80.3,0.561,0.64,0.234,19000000,CHL
Chile,2020,6.331,10.068,0.793,81.8,0.903,0.495,0.043,19000000,CHL
Chile,2021,6.325,10.027,0.804,66.4,0.761,0.15,0.225,19000000,CHL
Chile,2022,6.267,10.037,0.915,80.4,0.888,0.377,-0.043,19000000,CHL
Chile,2023,6.371,10.122,0.928,78.9,0.894,0.822,0.062,19000000,CHL
South Africa,2010,5.606,9.49,0.773,68.0,0.605,0.26,0.235,59000000,ZAF
South Africa,2011,5.582,9.552,0.899,65.5,0.937,0.635,0.229,59000000,ZAF
South Africa,2012,5.592,9.485,0.885,65.5,0.673,0.632,-0.012,59000000,ZAF
South Africa,2013,5.59,9.563,0.968,69.8,0.948,0.826,-0.04,59000000,ZAF
South Africa,2014,5.571,9.567,0.973,66.4,0.776,0.806,-0.008,59000000,ZAF
South Africa,2015,5.617,9.505,0.976,65.4,0.904,0.212,0.163,59000000,ZAF
South Africa,2016,5.603,9.576,0.853,67.3,0.65,0.197,0.027,59000000,ZAF
South Africa,2017,5.487,9.493,0.839,76.7,0.938,0.769,0.098,59000000,ZAF
South Africa,2018,5.563,9.554,0.773,71.6,0.896,0.606,0.156,59000000,ZAF
South Africa,2019,5.523,9.513,0.945,67.9,0.677,0.816,-0.028,59000000,ZAF
South Africa,2020,5.536,9.549,0.918,72.9,0.909,0.215,0.128,59000000,ZAF
South Africa,2021,5.654,9.566,0.757,80.8,0.616,0.773,-0.003,59000000,ZAF
South Africa,2022,5.543,9.544,0.794,75.9,0.839,0.661,0.03,59000000,ZAF
South Africa,2023,5.598,9.554,0.761,73.4,0.886,0.258,0.058,59000000,ZAF
India,2010,3.983,8.779,0.902,74.0,0.63,0.168,0.001,1400000000,IND
India,2011,3.962,8.764,0.944,68.2,0.709,0.492,0.148,1400000000,IND
India,2012,3.925,8.817,0.793,79.7,0.698,0.462,0.029,1400000000,IND
India,2013,4.026,8.791,0.812,63.2,0.851,0.617,-0.024,1400000000,IND
India,2014,4.009,8.829,0.973,73.8,0.771,0.739,0.196,1400000000,IND
India,2015,4.038,8.834,0.949,71.5,0.903,0.483,-0.026,1400000000,IND
India,2016,4.166,8.858,0.865,80.0,0.87,0.624,0.136,1400000000,IND
India,2017,3.99,8.869,0.79,81.7,0.939,0.716,-0.012,1400000000,IND
India,2018,4.074,8.898,0.85,81.9,0.801,0.734,0.027,1400000000,IND
India,2019,4.202,8.897,0.765,69.8,0.709,0.378,0.033,1400000000,IND
India,2020,4.105,8.899,0.931,74.5,0.759,0.444,0.074,1400000000,IND
India,2021,4.042,8.876,0.924,80.8,0.92,0.544,-0.02,1400000000,IND
India,2022,4.087,8.877,0.829,70.2,0.703,0.49,0.133,1400000000,IND
India,2023,4.039,8.858,0.783,74.2,0.827,0.177,0.217,1400000000,IND
China,2010,5.46,9.474,0.922,80.4,0.909,0.164,0.195,1400000000,CHN
China,2011,5.464,9.484,0.863,75.9,0.589,0.758,-0.01,1400000000,CHN
China,2012,5.637,9.507,0.94,67.4,0.717,0.602,0.006,1400000000,CHN
China,2013,5.465,9.551,0.92,77.2,0.897,0.725,0.105,1400000000,CHN
China,2014,5.464,9.506,0.867,64.7,0.891,0.766,-0.041,1400000000,CHN
China,2015,5.484,9.564,0.943,67.0,0.733,0.793,0.161,1400000000,CHN
China,2016,5.515,9.569,0.866,74.7,0.6,0.171,0.062,1400000000,CHN
China,2017,5.603,9.511,0.95,73.7,0.69,0.264,0.218,1400000000,CHN
China,2018,5.652,9.568,0.816,69.7,0.615,0.551,0.239,1400000000,CHN
China,2019,5.69,9.57,0.906,67.4,0.714,0.164,0.184,1400000000,CHN
China,2020,5.68,9.512,0.96,74.9,0.79,0.156,0.026,1400000000,CHN
China,2021,5.7,9.548,0.972,74.9,0.72,0.414,0.055,1400000000,CHN
China,2022,5.579,9.571,0.906,78.5,0.709,0.222,0.103,1400000000,CHN
China,2023,5.689,9.614,0.836,74.9,0.794,0.359,-0.018,1400000000,CHN
Russia,2010,5.395,10.049,0.897,79.2,0.654,0.648,0.218,144000000,RUS
Russia,2011,5.463,9.971,0.926,80.0,0.872,0.712,0.13,144000000,RUS
Russia,2012,5.562,10.03,0.916,75.1,0.949,0.332,0.076,144000000,RUS
Russia,2013,5.508,9.972,0.913,73.4,0.626,0.659,0.017,144000000,RUS
Russia,2014,5.554,10.053,0.959,75.4,0.753,0.742,0.202,144000000,RUS
Russia,2015,5.648,9.999,0.772,64.6,0.653,0.716,0.179,144000000,RUS
Russia,2016,5.493,10.055,0.827,63.8,0.692,0.671,0.042,144000000,RUS
Russia,2017,5.65,10.026,0.81,67.9,0.89,0.479,0.21,144000000,RUS
Russia,2018,5.612,10.094,0.766,79.8,0.75,0.757,0.065,144000000,RUS
Russia,2019,5.555,10.011,0.946,64.7,0.63,0.436,0.121,144000000,RUS
Russia,2020,5.713,10.057,0.823,76.3,0.862,0.491,0.139,144000000,RUS
Russia,2021,5.549,10.081,0.751,67.5,0.854,0.268,0.179,144000000,RUS
Russia,2022,5.636,10.1,0.77,74.3,0.803,0.432,0.24,144000000,RUS
Russia,2023,5.622,10.034,0.796,69.5,0.556,0.376,0.2,144000000,RUS
Turkey,2010,5.326,9.818,0.894,67.0,0.827,0.391,-0.011,84000000,TUR
Turkey,2011,5.384,9.815,0.788,78.5,0.669,0.354,0.168,84000000,TUR
Turkey,2012,5.446,9.796,0.954,81.9,0.687,0.781,0.058,84000000,TUR
Turkey,2013,5.36,9.863,0.961,70.1,0.641,0.659,-0.011,84000000,TUR
Turkey,2014,5.502,9.834,0.789,69.3,0.81,0.176,0.213,84000000,TUR
Turkey,2015,5.399,9.834,0.761,81.9,0.815,0.607,-0.044,84000000,TUR
Turkey,2016,5.515,9.829,0.837,72.9,0.74,0.257,0.159,84000000,TUR
Turkey,2017,5.512,9.823,0.902,75.2,0.658,0.574,-0.009,84000000,TUR
Turkey,2018,5.572,9.81,0.915,64.4,0.596,0.224,0.01,84000000,TUR
Turkey,2019,5.432,9.832,0.87,66.0,0.831,0.357,-0.038,84000000,TUR
Turkey,2020,5.515,9.832,0.965,68.6,0.551,0.62,0.222,84000000,TUR
Turkey,2021,5.607,9.885,0.784,63.8,0.755,0.656,-0.02,84000000,TUR
Turkey,2022,5.48,9.847,0.977,67.9,0.736,0.22,0.002,84000000,TUR
Turkey,2023,5.439,9.859,0.934,68.3,0.845,0.216,0.177,84000000,TUR
Egypt,2010,4.091,9.035,0.903,65.4,0.693,0.456,0.137,102000000,EGY
Egypt,2011,4.302,8.965,0.937,65.7,0.71,0.824,0.032,102000000,EGY
Egypt,2012,4.196,9.047,0.934,75.0,0.869,0.229,0.159,102000000,EGY
Egypt,2013,4.129,9.063,0.787,70.3,0.786,0.712,0.154,102000000,EGY
Egypt,2014,4.17,9.013,0.832,62.6,0.824,0.737,0.242,102000000,EGY
Egypt,2015,4.169,9.073,0.776,70.2,0.568,0.333,0.044,102000000,EGY
Egypt,2016,4.318,9.055,0.927,73.5,0.776,0.835,0.151,102000000,EGY
Egypt,2017,4.242,9.045,0.911,63.9,0.815,0.324,0.054,102000000,EGY
Egypt,2018,4.335,9.038,0.943,73.2,0.945,0.188,0.143,102000000,EGY
Egypt,2019,4.222,9.09,0.946,79.4,0.58,0.494,0.022,102000000,EGY
Egypt,2020,4.428,9.017,0.801,74.9,0.711,0.314,0.088,102000000,EGY
Egypt,2021,4.399,9.063,0.947,70.9,0.597,0.498,0.146,102000000,EGY
Egypt,2022,4.243,9.065,0.878,62.0,0.586,0.573,0.136,102000000,EGY
Egypt,2023,4.303,9.081,0.798,75.4,0.93,0.404,-0.034,102000000,EGY
Nigeria,2010,4.534,8.695,0.879,74.4,0.739,0.61,0.165,213000000,NGA
Nigeria,2011,4.519,8.732,0.801,68.8,0.882,0.825,0.038,213000000,NGA
Nigeria,2012,4.628,8.733,0.761,65.3,0.606,0.652,0.166,213000000,NGA
Nigeria,2013,4.54,8.73,0.793,80.6,0.707,0.47,0.184,213000000,NGA
Nigeria,2014,4.698,8.685,0.845,80.5,0.885,0.562,0.182,213000000,NGA
Nigeria,2015,4.646,8.747,0.97,64.7,0.75,0.521,-0.035,213000000,NGA
Nigeria,2016,4.774,8.771,0.861,72.2,0.918,0.274,0.124,213000000,NGA
Nigeria,2017,4.736,8.706,0.839,74.0,0.903,0.503,0.065,213000000,NGA
Nigeria,2018,4.807,8.791,0.925,67.5,0.935,0.829,0.086,213000000,NGA
Nigeria,2019,4.616,8.747,0.911,77.0,0.67,0.641,0.208,213000000,NGA
Nigeria,2020,4.766,8.805,0.895,66.0,0.8,0.353,0.054,213000000,NGA
Nigeria,2021,4.768,8.816,0.9,81.2,0.752,0.636,0.047,213000000,NGA
Nigeria,2022,4.646,8.759,0.86,73.4,0.817,0.442,0.174,213000000,NGA
Nigeria,2023,4.832,8.759,0.945,78.2,0.759,0.168,-0.006,213000000,NGA
Kenya,2010,4.541,8.47,0.923,65.2,0.665,0.325,0.202,53000000,KEN
Kenya,2011,4.557,8.486,0.923,62.6,0.876,0.222,0.21,53000000,KEN
Kenya,2012,4.581,8.549,0.921,73.2,0.645,0.699,0.19,53000000,KEN
Kenya,2013,4.484,8.535,0.963,69.8,0.933,0.833,0.044,53000000,KEN
Kenya,2014,4.559,8.476,0.808,74.4,0.862,0.759,0.199,53000000,KEN
Kenya,2015,4.656,8.551,0.899,77.1,0.769,0.572,0.183,53000000,KEN
Kenya,2016,4.681,8.516,0.791,75.7,0.625,0.272,0.104,53000000,KEN
Kenya,2017,4.551,8.536,0.878,64.6,0.784,0.329,0.049,53000000,KEN
Kenya,2018,4.643,8.515,0.785,68.5,0.57,0.803,0.135,53000000,KEN
Kenya,2019,4.643,8.554,0.882,69.2,0.864,0.373,0.016,53000000,KEN
Kenya,2020,4.54,8.518,0.866,70.3,0.765,0.214,0.016,53000000,KEN
Kenya,2021,4.558,8.551,0.833,66.4,0.851,0.521,0.249,53000000,KEN
Kenya,2022,4.716,8.622,0.752,75.4,0.728,0.783,0.134,53000000,KEN
Kenya,2023,4.679,8.626,0.907,68.4,0.916,0.811,0.066,53000000,KEN
Afghanistan,2010,2.41,7.478,0.96,78.4,0.7,0.712,0.084,38000000,AFG
Afghanistan,2011,2.302,7.546,0.794,72.3,0.929,0.267,0.237,38000000,AFG
Afghanistan,2012,2.432,7.463,0.765,75.4,0.859,0.755,0.077,38000000,AFG
Afghanistan,2013,2.34,7.522,0.912,81.5,0.86,0.603,0.232,38000000,AFG
Afghanistan,2014,2.505,7.49,0.856,68.6,0.585,0.188,0.188,38000000,AFG
Afghanistan,2015,2.472,7.538,0.802,67.2,0.705,0.591,0.08,38000000,AFG
Afghanistan,2016,2.353,7.554,0.873,74.8,0.797,0.679,0.126,38000000,AFG
Afghanistan,2017,2.529,7.5,0.963,64.1,0.865,0.361,-0.024,38000000,AFG
Afghanistan,2018,2.556,7.543,0.841,75.2,0.74,0.523,-0.009,38000000,AFG
Afghanistan,2019,2.478,7.585,0.876,81.2,0.608,0.624,0.224,38000000,AFG
Afghanistan,2020,2.586,7.584,0.836,81.0,0.771,0.539,-0.013,38000000,AFG
Afghanistan,2021,2.408,7.577,0.874,80.9,0.672,0.674,0.221,38000000,AFG
Afghanistan,2022,2.501,7.565,0.899,72.3,0.614,0.305,0.2,38000000,AFG
Afghanistan,2023,2.477,7.548,0.934,79.0,0.891,0.803,0.248,38000000,AFG
